No_Dossier_SPOT,No_Dossier_SPOT_norm,Client,No_Facture,Montant,Date_Dossier,Statut,Reference_RFCV_liee
26200924,26200924,PAN AFRICA ENTREPRENEURS,4028484172,,,,AGL260908956/RFCV
26200923,26200923,PAN AFRICA ENTREPRENEURS,4028461442,,,,AGL260908954/RFCV
26200936,26200936,PAN AFRICA ENTREPRENEURS,4028484459,,,,AGL260908952/RFCV
26071159,26071159,SOUDOTEC,FD - 26-050635-ST,,,,AGL260908950/RFCV
26071194,26071194,A.CONSTANT,1110030160,,,,AGL260908942/RFCV
26032183,26032183,BIA CI,91083376,,,,AGL260908941/RFCV
26208014,26208014,MTN COTE D'IVOIRE,PSI26-00484,,,,AGL260908937/RFCV
26071208,26071208,ABIDJAN TERMINAL,FC2602548,,,,AGL260908930/RFCV
26070585,26070585,RAZEL CI,26003530,,,,AGL260908927/RFCV
26070956,26070956,HOTEL IBIS MARCORY,26-0656,,,,AGL260808908/RFCV
26070655,26070655,A.CONSTANT,260400558,,,,AGL260808898/RFCV
26250705,26250705,Société des Mines de Lafigué,9305145519,,,,AGL260808874/RFCV
26071167,26071167,A.CONSTANT,7432147,,,,AGL260808872/RFCV
26071195//3,26071195,SOUDOTEC,942605932,,,,AGL260808859/RFCV
26071195//2,26071195,SOUDOTEC,FD - 26-060781-ST,,,,AGL260808858/RFCV
26071195,26071195,SOUDOTEC,260840017,,,,AGL260808857/RFCV
26071190,26071190,SOUDOTEC,949,,,,AGL260808795/RFCV
26200915,26200915,MITRELLI COTE D'IVOIRE,PI26000050,,,,AGL260808774/RFCV
26250704,26250704,BUREAU VERITAS MINERAL LABORAT,S0033761,,,,AGL260808767/RFCV
02007771853,02007771853,BIA CI,91078198,,,,AGL260808716/RFCV
26071152,26071152,BIA CI,91079468,,,,AGL260808712/RFCV
26250698,26250698,Société des Mines de Lafigué,WC027618,,,,AGL260808701/RFCV
26031574,26031574,ROCHE DIAGNOSTICS CI,1YI1543372,,,,AGL260808692/RFCV
26031724,26031724,ROCHE DIAGNOSTICS CI,1YI1546864,,,,AGL260808686/RFCV
26208017,26208017,MTN COTE D'IVOIRE,3418772-1 OCEAN CN,,,,AGL260808666/RFCV
26208019,26208019,MTN COTE D'IVOIRE,PSI26-00540,,,,AGL260808663/RFCV
26208016,26208016,MTN COTE D'IVOIRE,0003842606260AHWA0001H,,,,AGL260808655/RFCV
26071180,26071180,SOUDOTEC,FA260619,,,,AGL260808646/RFCV
26032049,26032049,TC AFRIQUE,6019824322,,,,AGL260808626/RFCV
26071177,26071177,SOCIETE DES CIMENTS D'ABIDJAN,FA260758,,,,AGL260808617/RFCV
